pub_id,publisher_id,publisher_name
1407,141814,Lebazar_media
1408,141586,Korzinka
1409,141586,Korzinka
1410,141586,Korzinka
1411,141586,Korzinka
1412,141586,Korzinka
1413,141586,Korzinka
1414,141586,Korzinka
1415,141586,Korzinka
1416,141586,Korzinka
1417,141586,Korzinka
1418,141586,Korzinka
1419,141586,Korzinka
1420,141586,Korzinka
1421,141586,Korzinka
1422,141586,Korzinka
1423,141586,Korzinka
1424,141586,Korzinka
1425,141586,Korzinka
1426,141586,Korzinka
1427,141586,Korzinka
1428,141586,Korzinka
1429,141586,Korzinka
1430,141586,Korzinka
1431,141586,Korzinka
1432,140056,Lebazar_old_app
1433,141586,Korzinka
1434,141586,Korzinka
1435,141586,Korzinka
1436,141586,Korzinka
1437,141586,Korzinka
1438,141586,Korzinka
1439,141586,Korzinka
1440,141586,Korzinka
1441,141586,Korzinka
1442,141586,Korzinka
1443,141586,Korzinka
1444,141586,Korzinka
1445,141586,Korzinka
1446,141586,Korzinka
1447,141586,Korzinka
1448,141586,Korzinka
1449,141586,Korzinka
1450,141586,Korzinka
1451,141586,Korzinka
1452,141586,Korzinka
1453,141586,Korzinka
1454,141586,Korzinka
1455,141586,Korzinka
1456,140056,Lebazar_old_app
1457,141586,Korzinka
1458,141586,Korzinka
1459,141586,Korzinka
1460,141814,Lebazar_media
1461,141586,Korzinka
1462,140056,Lebazar_old_app
1463,140056,Lebazar_old_app
1464,141586,Korzinka
1465,141586,Korzinka
1466,141586,Korzinka
1467,140056,Lebazar_old_app
1468,146464,?????????
1469,146464,?????????
1470,141586,Korzinka
1471,141586,Korzinka
1472,145627,SMM Korzinka Go
1473,141586,Korzinka
1474,141586,Korzinka
1475,141586,Korzinka
1476,146464,?????????
1477,141586,Korzinka
1478,141586,Korzinka
1479,141814,Lebazar_media
1480,141586,Korzinka
1481,141586,Korzinka
1482,141586,Korzinka
1483,140056,Lebazar_old_app
1484,141586,Korzinka
1485,141586,Korzinka
1486,141586,Korzinka
1487,141586,Korzinka
1488,141586,Korzinka
1489,141601,???????
1490,140056,Lebazar_old_app
1491,141586,Korzinka
1492,141586,Korzinka
1493,146464,?????????
1494,141586,Korzinka
1495,141586,Korzinka
1496,141586,Korzinka
1497,141586,Korzinka
1498,141586,Korzinka
1499,141586,Korzinka
1500,141586,Korzinka
1501,141586,Korzinka
1502,141586,Korzinka
1503,141586,Korzinka
1504,141586,Korzinka
1505,141586,Korzinka
1506,141586,Korzinka
1507,141586,Korzinka
1508,141586,Korzinka
1509,141586,Korzinka
1510,141586,Korzinka
1511,141586,Korzinka
1512,140056,Lebazar_old_app
1513,141586,Korzinka
1514,141586,Korzinka
1515,141586,Korzinka
1516,141586,Korzinka
1517,146464,?????????
1518,141586,Korzinka
1519,141586,Korzinka
1520,141586,Korzinka
1521,140056,Lebazar_old_app
1522,141586,Korzinka
1523,140056,Lebazar_old_app
1524,141586,Korzinka
1525,141586,Korzinka
1526,141586,Korzinka
1527,141586,Korzinka
1528,141586,Korzinka
1529,141586,Korzinka
1530,141586,Korzinka
1531,141586,Korzinka
1532,141586,Korzinka
1533,141586,Korzinka
1534,141586,Korzinka
1535,141586,Korzinka
1536,141586,Korzinka
1537,141586,Korzinka
1538,141586,Korzinka
1539,141586,Korzinka
1540,141586,Korzinka
1541,141586,Korzinka
1542,141586,Korzinka
1543,140056,Lebazar_old_app
1544,141586,Korzinka
1545,141586,Korzinka
1546,141586,Korzinka
1547,141586,Korzinka
1548,146464,?????????
1549,141586,Korzinka
1550,141586,Korzinka
1551,141586,Korzinka
1552,140056,Lebazar_old_app
1553,146464,?????????
1554,141586,Korzinka
1555,141586,Korzinka
1556,141586,Korzinka
1557,141586,Korzinka
1558,141586,Korzinka
1559,141586,Korzinka
1560,141586,Korzinka
1561,141586,Korzinka
1562,141586,Korzinka
1563,141586,Korzinka
1564,141586,Korzinka
1565,141586,Korzinka
1566,141586,Korzinka
1567,141601,???????
1568,141586,Korzinka
1569,146464,?????????
1570,141586,Korzinka
1571,141586,Korzinka
1572,141586,Korzinka
1573,141586,Korzinka
1574,141586,Korzinka
1575,141814,Lebazar_media
1576,141586,Korzinka
1577,141586,Korzinka
1578,140056,Lebazar_old_app
1579,141586,Korzinka
1580,141586,Korzinka
1581,141586,Korzinka
1582,141586,Korzinka
1583,140056,Lebazar_old_app
1584,141586,Korzinka
1585,141586,Korzinka
1586,141586,Korzinka
1587,141601,???????
1588,141586,Korzinka
1589,141586,Korzinka
1590,141586,Korzinka
1591,141586,Korzinka
1592,141586,Korzinka
1593,141586,Korzinka
1594,141586,Korzinka
1595,141586,Korzinka
1596,141586,Korzinka
1597,141586,Korzinka
1598,141586,Korzinka
1599,141586,Korzinka
1600,141586,Korzinka
1601,141586,Korzinka
1602,141586,Korzinka
1603,141586,Korzinka
1604,140056,Lebazar_old_app
1605,141586,Korzinka
1606,141586,Korzinka
1607,141586,Korzinka
1608,141586,Korzinka
1609,141586,Korzinka
1610,141586,Korzinka
1611,141586,Korzinka
1612,141586,Korzinka
1613,141586,Korzinka
1614,141586,Korzinka
1615,141586,Korzinka
1616,141586,Korzinka
1617,141586,Korzinka
1618,141586,Korzinka
1619,141586,Korzinka
1620,141586,Korzinka
1621,141586,Korzinka
1622,141586,Korzinka
1623,141601,???????
1624,141586,Korzinka
1625,141586,Korzinka
1626,141586,Korzinka
1627,141586,Korzinka
1628,141586,Korzinka
1629,141586,Korzinka
1630,141586,Korzinka
1631,141586,Korzinka
1632,141586,Korzinka
1633,141586,Korzinka
1634,141586,Korzinka
1635,141586,Korzinka
1636,141586,Korzinka
1637,141586,Korzinka
1638,146464,?????????
1639,141586,Korzinka
1640,141586,Korzinka
1641,141586,Korzinka
1642,141586,Korzinka
1643,141586,Korzinka
1644,141586,Korzinka
1645,141586,Korzinka
1646,141586,Korzinka
1647,141586,Korzinka
1648,141586,Korzinka
1649,141586,Korzinka
1650,141601,???????
1651,141586,Korzinka
1652,141586,Korzinka
1653,141586,Korzinka
1654,141586,Korzinka
1655,141601,???????
1656,141586,Korzinka
1657,141586,Korzinka
1658,141601,???????
1659,141586,Korzinka
1660,141586,Korzinka
1661,141586,Korzinka
1662,141586,Korzinka
1663,141586,Korzinka
1664,141586,Korzinka
1665,141586,Korzinka
1666,141586,Korzinka
1667,141586,Korzinka
1668,141586,Korzinka
1669,141586,Korzinka
1670,141586,Korzinka
1671,141586,Korzinka
1672,141601,???????
1673,141586,Korzinka
1674,141814,Lebazar_media
1675,141586,Korzinka
1676,140056,Lebazar_old_app
1677,141586,Korzinka
1678,141586,Korzinka
1679,141586,Korzinka
1680,141586,Korzinka
1681,141586,Korzinka
1682,141586,Korzinka
1683,141586,Korzinka
1684,141586,Korzinka
1685,141586,Korzinka
1686,141586,Korzinka
1687,140056,Lebazar_old_app
1688,146464,?????????
1689,146464,?????????
1690,141586,Korzinka
1691,141586,Korzinka
1692,141586,Korzinka
1693,141586,Korzinka
1694,140056,Lebazar_old_app
1695,141586,Korzinka
1696,141586,Korzinka
1697,141586,Korzinka
1698,140056,Lebazar_old_app
1699,141586,Korzinka
1700,141586,Korzinka
1701,141586,Korzinka
1702,141586,Korzinka
1703,140056,Lebazar_old_app
1704,141586,Korzinka
1705,140056,Lebazar_old_app
1706,141586,Korzinka
1707,141586,Korzinka
1708,141586,Korzinka
1709,140056,Lebazar_old_app
1710,141586,Korzinka
1711,141586,Korzinka
1712,141586,Korzinka
1713,141586,Korzinka
1714,141586,Korzinka
1715,141586,Korzinka
1716,141586,Korzinka
1717,141586,Korzinka
1718,141601,???????
1719,141586,Korzinka
1720,140056,Lebazar_old_app
1721,141601,???????
1722,141586,Korzinka
1723,140056,Lebazar_old_app
1724,141586,Korzinka
1725,141586,Korzinka
1726,141586,Korzinka
1727,141586,Korzinka
1728,141586,Korzinka
1729,141586,Korzinka
1730,141586,Korzinka
1731,141586,Korzinka
1732,141586,Korzinka
1733,141586,Korzinka
1734,141586,Korzinka
1735,141586,Korzinka
1736,145627,SMM Korzinka Go
1737,145627,SMM Korzinka Go
1738,141586,Korzinka
1739,141586,Korzinka
1740,141586,Korzinka
1741,141586,Korzinka
1742,141586,Korzinka
1743,141586,Korzinka
1744,141586,Korzinka
1745,141586,Korzinka
1746,141586,Korzinka
1747,141586,Korzinka
1748,141586,Korzinka
1749,141814,Lebazar_media
1750,141586,Korzinka
1751,141586,Korzinka
1752,141586,Korzinka
1753,141586,Korzinka
1754,141586,Korzinka
1755,141586,Korzinka
1756,141586,Korzinka
1757,141601,???????
1758,141586,Korzinka
1759,141586,Korzinka
1760,140056,Lebazar_old_app
1761,140056,Lebazar_old_app
1762,141586,Korzinka
1763,141586,Korzinka
1764,141586,Korzinka
1765,141586,Korzinka
1766,141586,Korzinka
1767,141586,Korzinka
1768,141586,Korzinka
1769,141586,Korzinka
1770,141601,???????
1771,141586,Korzinka
1772,146464,?????????
1773,141586,Korzinka
1774,141586,Korzinka
1775,141586,Korzinka
1776,141586,Korzinka
1777,141586,Korzinka
1778,141586,Korzinka
1779,141586,Korzinka
1780,141586,Korzinka
1781,141586,Korzinka
1782,141586,Korzinka
1783,140056,Lebazar_old_app
1784,141586,Korzinka
1785,141586,Korzinka
1786,141586,Korzinka
1787,141586,Korzinka
1788,141586,Korzinka
1789,141586,Korzinka
1790,141586,Korzinka
1791,141586,Korzinka
1792,141586,Korzinka
1793,141586,Korzinka
1794,141586,Korzinka
1795,141586,Korzinka
1796,141586,Korzinka
1797,140056,Lebazar_old_app
1798,141586,Korzinka
1799,141586,Korzinka
1800,141586,Korzinka
1801,140056,Lebazar_old_app
1802,141586,Korzinka
1803,141586,Korzinka
1804,141586,Korzinka
1805,146464,?????????
1806,141586,Korzinka
1807,141586,Korzinka
1808,141586,Korzinka
1809,141586,Korzinka
1810,141586,Korzinka
1811,141586,Korzinka
1812,141601,???????
1813,141586,Korzinka
1814,141586,Korzinka
1815,141586,Korzinka
1816,141814,Lebazar_media
1817,141814,Lebazar_media
1818,141586,Korzinka
1819,141586,Korzinka
1820,141586,Korzinka
1821,140056,Lebazar_old_app
1822,146464,?????????
1823,141586,Korzinka
1824,141586,Korzinka
1825,141601,???????
1826,141586,Korzinka
1827,141586,Korzinka
1828,141586,Korzinka
1829,141586,Korzinka
1830,141586,Korzinka
1831,141601,???????
1832,141586,Korzinka
1833,141814,Lebazar_media
1834,141586,Korzinka
1835,141586,Korzinka
1836,141586,Korzinka
1837,141586,Korzinka
1838,141601,???????
1839,141586,Korzinka
1840,141586,Korzinka
1841,140056,Lebazar_old_app
1842,141586,Korzinka
1843,141586,Korzinka
1844,141586,Korzinka
1845,141586,Korzinka
1846,141586,Korzinka
1847,141586,Korzinka
1848,141586,Korzinka
1849,141586,Korzinka
1850,141586,Korzinka
1851,141586,Korzinka
1852,141586,Korzinka
1853,141586,Korzinka
1854,141586,Korzinka
1855,141586,Korzinka
1856,141586,Korzinka
1857,141586,Korzinka
1858,141586,Korzinka
1859,141586,Korzinka
1860,141586,Korzinka
1861,141586,Korzinka
1862,141586,Korzinka
1863,140056,Lebazar_old_app
1864,141586,Korzinka
1865,141601,???????
1866,141586,Korzinka
1867,146464,?????????
1868,141586,Korzinka
1869,141586,Korzinka
1870,141586,Korzinka
1871,141586,Korzinka
1872,141586,Korzinka
1873,141586,Korzinka
1874,141586,Korzinka
1875,141586,Korzinka
1876,140056,Lebazar_old_app
1877,141586,Korzinka
1878,141586,Korzinka
1879,141586,Korzinka
1880,141586,Korzinka
1881,141586,Korzinka
1882,141586,Korzinka
1883,141586,Korzinka
1884,141586,Korzinka
1885,141586,Korzinka
1886,141586,Korzinka
1887,140056,Lebazar_old_app
1888,141586,Korzinka
1889,141586,Korzinka
1890,141586,Korzinka
1891,141586,Korzinka
1892,141586,Korzinka
1893,141586,Korzinka
1894,141586,Korzinka
1895,141586,Korzinka
1896,141814,Lebazar_media
1897,141814,Lebazar_media
1898,141586,Korzinka
1899,141586,Korzinka
1900,141586,Korzinka
1901,141601,???????
1902,141586,Korzinka
1903,141586,Korzinka
1904,141586,Korzinka
1905,140056,Lebazar_old_app
1906,141586,Korzinka
1907,141586,Korzinka
1908,141601,???????
1909,141586,Korzinka
1910,141586,Korzinka
1911,141586,Korzinka
1912,141586,Korzinka
1913,141586,Korzinka
1914,141586,Korzinka
1915,141601,???????
1916,141586,Korzinka
1917,141586,Korzinka
1918,141586,Korzinka
1919,141586,Korzinka
1920,141586,Korzinka
1921,141586,Korzinka
1922,141586,Korzinka
1923,141586,Korzinka
1924,141586,Korzinka
1925,141586,Korzinka
1926,141586,Korzinka
1927,141586,Korzinka
1928,141586,Korzinka
1929,140056,Lebazar_old_app
1930,141586,Korzinka
1931,141586,Korzinka
1932,141586,Korzinka
1933,141586,Korzinka
1934,141586,Korzinka
1935,141601,???????
1936,141586,Korzinka
1937,141586,Korzinka
1938,141586,Korzinka
1939,141586,Korzinka
1940,141586,Korzinka
1941,141814,Lebazar_media
1942,141586,Korzinka
1943,141586,Korzinka
1944,141586,Korzinka
1945,141586,Korzinka
1946,141601,???????
1947,140056,Lebazar_old_app
1948,141586,Korzinka
1949,141586,Korzinka
1950,141586,Korzinka
1951,141586,Korzinka
1952,146464,?????????
1953,141586,Korzinka
1954,141586,Korzinka
1955,141586,Korzinka
1956,140056,Lebazar_old_app
1957,140056,Lebazar_old_app
1958,141586,Korzinka
1959,141586,Korzinka
1960,141586,Korzinka
1961,141586,Korzinka
1962,141586,Korzinka
1963,141586,Korzinka
1964,141586,Korzinka
1965,141586,Korzinka
1966,141586,Korzinka
1967,141586,Korzinka
1968,141586,Korzinka
1969,141814,Lebazar_media
1970,141586,Korzinka
1971,146464,?????????
1972,141586,Korzinka
1973,141586,Korzinka
1974,141586,Korzinka
1975,141586,Korzinka
1976,141586,Korzinka
1977,146464,?????????
1978,141586,Korzinka
1979,141586,Korzinka
1980,141586,Korzinka
1981,141586,Korzinka
1982,141814,Lebazar_media
1983,141586,Korzinka
1984,141586,Korzinka
1985,141814,Lebazar_media
1986,141814,Lebazar_media
1987,141586,Korzinka
1988,141586,Korzinka
1989,141586,Korzinka
1990,146464,?????????
1991,141586,Korzinka
1992,141814,Lebazar_media
1993,141586,Korzinka
1994,140056,Lebazar_old_app
1995,141586,Korzinka
1996,141586,Korzinka
1997,141586,Korzinka
1998,141586,Korzinka
1999,141586,Korzinka
2000,141586,Korzinka
2001,141601,???????
2002,141601,???????
2003,141586,Korzinka
2004,141586,Korzinka
2005,141586,Korzinka
2006,141586,Korzinka
2007,141586,Korzinka
2008,140056,Lebazar_old_app
2009,141586,Korzinka
2010,141586,Korzinka
2011,140056,Lebazar_old_app
2012,146464,?????????
2013,141586,Korzinka
2014,141586,Korzinka
2015,141586,Korzinka
2016,141586,Korzinka
2017,141586,Korzinka
2018,141586,Korzinka
2019,141586,Korzinka
2020,141586,Korzinka
2021,141586,Korzinka
2022,141601,???????
2023,141586,Korzinka
2024,141586,Korzinka
2025,141586,Korzinka
2026,141586,Korzinka
2027,141586,Korzinka
2028,141586,Korzinka
2029,141586,Korzinka
2030,141586,Korzinka
2031,141586,Korzinka
2032,141586,Korzinka
2033,141586,Korzinka
2034,141586,Korzinka
2035,141586,Korzinka
2036,140056,Lebazar_old_app
2037,141601,???????
2038,141586,Korzinka
2039,141586,Korzinka
2040,141586,Korzinka
2041,141586,Korzinka
2042,141586,Korzinka
2043,141586,Korzinka
2044,141586,Korzinka
2045,141586,Korzinka
2046,141586,Korzinka
2047,141586,Korzinka
2048,140056,Lebazar_old_app
2049,141586,Korzinka
2050,141586,Korzinka
2051,141586,Korzinka
2052,141586,Korzinka
2053,141586,Korzinka
2054,141586,Korzinka
2055,141586,Korzinka
2056,141586,Korzinka
2057,141586,Korzinka
2058,141586,Korzinka
2059,141586,Korzinka
2060,141586,Korzinka
2061,140056,Lebazar_old_app
2062,141586,Korzinka
2063,141586,Korzinka
2064,140056,Lebazar_old_app
2065,146464,?????????
2066,141586,Korzinka
2067,141586,Korzinka
2068,141586,Korzinka
2069,141586,Korzinka
2070,141586,Korzinka
2071,141586,Korzinka
2072,141586,Korzinka
2073,141586,Korzinka
2074,141586,Korzinka
2075,141586,Korzinka
2076,141586,Korzinka
2077,141586,Korzinka
2078,141601,???????
2079,141586,Korzinka
2080,141586,Korzinka
2081,141586,Korzinka
2082,141586,Korzinka
2083,141586,Korzinka
2084,141586,Korzinka
2085,141586,Korzinka
2086,140056,Lebazar_old_app
2087,141586,Korzinka
2088,141586,Korzinka
2089,141586,Korzinka
2090,141586,Korzinka
2091,141586,Korzinka
2092,141586,Korzinka
2093,141586,Korzinka
2094,141586,Korzinka
2095,141586,Korzinka
2096,141586,Korzinka
2097,141586,Korzinka
2098,140056,Lebazar_old_app
2099,141586,Korzinka
2100,141586,Korzinka
2101,141586,Korzinka
2102,141586,Korzinka
2103,141586,Korzinka
2104,141601,???????
2105,141814,Lebazar_media
2106,140056,Lebazar_old_app
2107,141586,Korzinka
2108,146464,?????????
2109,141586,Korzinka
2110,141586,Korzinka
2111,141586,Korzinka
2112,141586,Korzinka
2113,141586,Korzinka
2114,141586,Korzinka
2115,141586,Korzinka
2116,141586,Korzinka
2117,141586,Korzinka
2118,141586,Korzinka
2119,141586,Korzinka
2120,141586,Korzinka
2121,145627,SMM Korzinka Go
2122,141586,Korzinka
2123,141586,Korzinka
2124,141586,Korzinka
2125,141586,Korzinka
2126,141586,Korzinka
2127,141586,Korzinka
2128,140056,Lebazar_old_app
2129,141586,Korzinka
2130,141586,Korzinka
2131,141586,Korzinka
2132,140056,Lebazar_old_app
2133,141586,Korzinka
2134,141586,Korzinka
2135,141586,Korzinka
2136,141586,Korzinka
2137,141586,Korzinka
2138,141814,Lebazar_media
2139,141586,Korzinka
2140,141586,Korzinka
2141,140056,Lebazar_old_app
2142,141586,Korzinka
2143,141586,Korzinka
2144,141586,Korzinka
2145,141586,Korzinka
2146,141586,Korzinka
2147,141586,Korzinka
2148,141586,Korzinka
2149,141586,Korzinka
2150,146464,?????????
2151,141586,Korzinka
2152,141601,???????
2153,141586,Korzinka
2154,141586,Korzinka
2155,141586,Korzinka
2156,141586,Korzinka
2157,141814,Lebazar_media
2158,141814,Lebazar_media
2159,141586,Korzinka
2160,141586,Korzinka
2161,141586,Korzinka
2162,141586,Korzinka
2163,141586,Korzinka
2164,141586,Korzinka
2165,141586,Korzinka
2166,141586,Korzinka
2167,141586,Korzinka
2168,141586,Korzinka
2169,140056,Lebazar_old_app
2170,141586,Korzinka
2171,140056,Lebazar_old_app
2172,140056,Lebazar_old_app
2173,141586,Korzinka
2174,141586,Korzinka
2175,141586,Korzinka
2176,141814,Lebazar_media
2177,141586,Korzinka
2178,141586,Korzinka
2179,141586,Korzinka
2180,140056,Lebazar_old_app
2181,141586,Korzinka
2182,141586,Korzinka
2183,141586,Korzinka
2184,141586,Korzinka
2185,140056,Lebazar_old_app
2186,141586,Korzinka
2187,141586,Korzinka
2188,141586,Korzinka
2189,141586,Korzinka
2190,141586,Korzinka
2191,141586,Korzinka
2192,141586,Korzinka
2193,141586,Korzinka
2194,141586,Korzinka
2195,146464,?????????
2196,141586,Korzinka
2197,141586,Korzinka
2198,145627,SMM Korzinka Go
2199,141586,Korzinka
2200,141586,Korzinka
2201,141586,Korzinka
2202,141586,Korzinka
2203,140056,Lebazar_old_app
2204,140056,Lebazar_old_app
2205,146464,?????????
2206,141586,Korzinka
2207,141586,Korzinka
2208,141586,Korzinka
2209,146464,?????????
2210,141586,Korzinka
2211,141814,Lebazar_media
2212,141586,Korzinka
2213,141586,Korzinka
2214,141586,Korzinka
2215,141586,Korzinka
2216,141586,Korzinka
2217,141586,Korzinka
2218,141586,Korzinka
2219,140056,Lebazar_old_app
2220,141586,Korzinka
2221,141586,Korzinka
2222,141586,Korzinka
2223,141586,Korzinka
2224,141586,Korzinka
2225,141586,Korzinka
2226,141586,Korzinka
2227,141586,Korzinka
2228,141586,Korzinka
2229,141586,Korzinka
2230,141586,Korzinka
2231,141586,Korzinka
2232,141586,Korzinka
2233,141586,Korzinka
2234,141814,Lebazar_media
2235,141586,Korzinka
2236,141586,Korzinka
2237,141586,Korzinka
2238,141586,Korzinka
2239,141586,Korzinka
2240,141586,Korzinka
2241,141586,Korzinka
2242,141586,Korzinka
2243,141586,Korzinka
2244,141586,Korzinka
2245,141586,Korzinka
2246,141586,Korzinka
2247,141586,Korzinka
2248,141586,Korzinka
2249,141586,Korzinka
2250,141586,Korzinka
2251,141586,Korzinka
2252,141586,Korzinka
2253,141586,Korzinka
2254,141586,Korzinka
2255,141586,Korzinka
2256,146464,?????????
2257,141586,Korzinka
2258,141586,Korzinka
2259,141586,Korzinka
2260,141601,???????
2261,141586,Korzinka
2262,140056,Lebazar_old_app
2263,140056,Lebazar_old_app
2264,141586,Korzinka
2265,146464,?????????
2266,141586,Korzinka
2267,141586,Korzinka
2268,141601,???????
2269,141814,Lebazar_media
2270,141601,???????
2271,140056,Lebazar_old_app
2272,141586,Korzinka
2273,141586,Korzinka
2274,141586,Korzinka
2275,141586,Korzinka
2276,141586,Korzinka
2277,141586,Korzinka
2278,141586,Korzinka
2279,141586,Korzinka
2280,141586,Korzinka
2281,141586,Korzinka
2282,141586,Korzinka
2283,146464,?????????
2284,141586,Korzinka
2285,141586,Korzinka
2286,141814,Lebazar_media
2287,140056,Lebazar_old_app
2288,141586,Korzinka
2289,141586,Korzinka
2290,141586,Korzinka
2291,141586,Korzinka
2292,140056,Lebazar_old_app
2293,141586,Korzinka
2294,141586,Korzinka
2295,141586,Korzinka
2296,141586,Korzinka
2297,141586,Korzinka
2298,141586,Korzinka
2299,141586,Korzinka
2300,140056,Lebazar_old_app
2301,141586,Korzinka
2302,141586,Korzinka
2303,141586,Korzinka
2304,141586,Korzinka
2305,141586,Korzinka
2306,141586,Korzinka
2307,141814,Lebazar_media
2308,141586,Korzinka
2309,145627,SMM Korzinka Go
2310,141586,Korzinka
2311,141586,Korzinka
2312,141586,Korzinka
2313,141586,Korzinka
2314,141586,Korzinka
2315,141586,Korzinka
2316,141601,???????
2317,141586,Korzinka
2318,141586,Korzinka
2319,141586,Korzinka
2320,141586,Korzinka
2321,141586,Korzinka
2322,141586,Korzinka
2323,141586,Korzinka
2324,141586,Korzinka
2325,141586,Korzinka
2326,141586,Korzinka
2327,141586,Korzinka
2328,141586,Korzinka
2329,141586,Korzinka
2330,141586,Korzinka
2331,141586,Korzinka
2332,141586,Korzinka
2333,141586,Korzinka
2334,141586,Korzinka
2335,141586,Korzinka
2336,141586,Korzinka
2337,141586,Korzinka
2338,141814,Lebazar_media
2339,141586,Korzinka
2340,141586,Korzinka
2341,141586,Korzinka
2342,141586,Korzinka
2343,141586,Korzinka
2344,141814,Lebazar_media
2345,141586,Korzinka
2346,141586,Korzinka
2347,141586,Korzinka
2348,141586,Korzinka
2349,141586,Korzinka
2350,141586,Korzinka
2351,141586,Korzinka
2352,141586,Korzinka
2353,141586,Korzinka
2354,141586,Korzinka
2355,141586,Korzinka
2356,141586,Korzinka
2357,141586,Korzinka
2358,140056,Lebazar_old_app
2359,141586,Korzinka
2360,140056,Lebazar_old_app
2361,141586,Korzinka
2362,141586,Korzinka
2363,140056,Lebazar_old_app
2364,141586,Korzinka
2365,141586,Korzinka
2366,141586,Korzinka
2367,141586,Korzinka
2368,141586,Korzinka
2369,141586,Korzinka
2370,141586,Korzinka
2371,141586,Korzinka
2372,141586,Korzinka
2373,140056,Lebazar_old_app
2374,141586,Korzinka
2375,141586,Korzinka
2376,141586,Korzinka
2377,141586,Korzinka
2378,141586,Korzinka
2379,141586,Korzinka
2380,141586,Korzinka
2381,141586,Korzinka
2382,141586,Korzinka
2383,141586,Korzinka
2384,141586,Korzinka
2385,141601,???????
2386,141601,???????
2387,140056,Lebazar_old_app
2388,141586,Korzinka
2389,141586,Korzinka
2390,141586,Korzinka
2391,141586,Korzinka
2392,141586,Korzinka
2393,140056,Lebazar_old_app
2394,141586,Korzinka
2395,141586,Korzinka
2396,141586,Korzinka
2397,141586,Korzinka
2398,141814,Lebazar_media
2399,141586,Korzinka
2400,141586,Korzinka
2401,141586,Korzinka
2402,141586,Korzinka
2403,141586,Korzinka
2404,141586,Korzinka
2405,141586,Korzinka
2406,141586,Korzinka
2407,141586,Korzinka
2408,141586,Korzinka
2409,141601,???????
2410,141586,Korzinka
2411,140056,Lebazar_old_app
2412,141586,Korzinka
2413,141586,Korzinka
2414,141586,Korzinka
2415,141586,Korzinka
2416,141586,Korzinka
2417,141586,Korzinka
2418,141586,Korzinka
2419,141586,Korzinka
2420,141586,Korzinka
2421,141586,Korzinka
2422,141586,Korzinka
2423,141586,Korzinka
2424,141586,Korzinka
2425,141586,Korzinka
2426,141814,Lebazar_media
2427,140056,Lebazar_old_app
2428,141586,Korzinka
2429,141586,Korzinka
2430,141586,Korzinka
2431,141586,Korzinka
2432,141586,Korzinka
2433,141586,Korzinka
2434,141586,Korzinka
2435,141586,Korzinka
2436,141814,Lebazar_media
2437,141586,Korzinka
2438,141586,Korzinka
2439,141586,Korzinka
2440,141586,Korzinka
2441,141601,???????
2442,141814,Lebazar_media
2443,141586,Korzinka
2444,146464,?????????
2445,141586,Korzinka
2446,140056,Lebazar_old_app
2447,141586,Korzinka
2448,141586,Korzinka
2449,141586,Korzinka
2450,141586,Korzinka
2451,141586,Korzinka
2452,141586,Korzinka
2453,141586,Korzinka
2454,141586,Korzinka
2455,141586,Korzinka
2456,141586,Korzinka
2457,141586,Korzinka
2458,141586,Korzinka
2459,141586,Korzinka
2460,140056,Lebazar_old_app
2461,141586,Korzinka
2462,141586,Korzinka
2463,141586,Korzinka
2464,141586,Korzinka
2465,141586,Korzinka
2466,141586,Korzinka
2467,141586,Korzinka
2468,141601,???????
2469,141586,Korzinka
2470,141586,Korzinka
2471,141586,Korzinka
2472,141586,Korzinka
2473,141586,Korzinka
2474,141586,Korzinka
2475,141601,???????
2476,141586,Korzinka
2477,141586,Korzinka
2478,141586,Korzinka
2479,141586,Korzinka
2480,141586,Korzinka
2481,141586,Korzinka
2482,141586,Korzinka
2483,141586,Korzinka
2484,141586,Korzinka
2485,141586,Korzinka
2486,140056,Lebazar_old_app
2487,141586,Korzinka
2488,141586,Korzinka
2489,141586,Korzinka
2490,141586,Korzinka
2491,140056,Lebazar_old_app
2492,141586,Korzinka
2493,141586,Korzinka
2494,141586,Korzinka
2495,141601,???????
2496,140056,Lebazar_old_app
2497,146464,?????????
2498,141586,Korzinka
2499,141586,Korzinka
2500,141586,Korzinka
2501,140056,Lebazar_old_app
2502,146464,?????????
2503,141586,Korzinka
2504,141586,Korzinka
2505,141586,Korzinka
2506,141586,Korzinka
2507,141586,Korzinka
2508,141586,Korzinka
2509,141586,Korzinka
2510,141586,Korzinka
2511,141586,Korzinka
2512,141586,Korzinka
2513,140056,Lebazar_old_app
2514,141586,Korzinka
2515,141586,Korzinka
2516,141586,Korzinka
2517,141586,Korzinka
2518,141586,Korzinka
2519,141586,Korzinka
2520,141586,Korzinka
2521,141586,Korzinka
2522,141586,Korzinka
2523,141586,Korzinka
2524,141601,???????
2525,141601,???????
2526,141586,Korzinka
2527,141586,Korzinka
2528,141586,Korzinka
2529,141586,Korzinka
2530,141586,Korzinka
2531,141586,Korzinka
2532,141601,???????
2533,141586,Korzinka
2534,141586,Korzinka
2535,141814,Lebazar_media
2536,141586,Korzinka
2537,141586,Korzinka
2538,141586,Korzinka
2539,141586,Korzinka
2540,141586,Korzinka
2541,141586,Korzinka
2542,141586,Korzinka
2543,140056,Lebazar_old_app
2544,141586,Korzinka
2545,141586,Korzinka
2546,141586,Korzinka
2547,141586,Korzinka
2548,141814,Lebazar_media
2549,140056,Lebazar_old_app
2550,141586,Korzinka
2551,141586,Korzinka
2552,141586,Korzinka
2553,141586,Korzinka
2554,141601,???????
2555,141586,Korzinka
2556,141586,Korzinka
2557,141586,Korzinka
2558,141586,Korzinka
2559,141586,Korzinka
2560,141586,Korzinka
2561,141586,Korzinka
2562,141586,Korzinka
2563,141586,Korzinka
2564,141586,Korzinka
2565,141586,Korzinka
2566,141814,Lebazar_media
2567,141586,Korzinka
2568,141586,Korzinka
2569,141586,Korzinka
2570,141586,Korzinka
2571,141586,Korzinka
2572,141586,Korzinka
2573,141586,Korzinka
2574,141586,Korzinka
2575,141586,Korzinka
2576,141586,Korzinka
2577,141586,Korzinka
2578,141586,Korzinka
2579,141586,Korzinka
2580,141586,Korzinka
2581,141814,Lebazar_media
2582,141586,Korzinka
2583,141586,Korzinka
2584,141586,Korzinka
2585,141586,Korzinka
2586,141586,Korzinka
2587,141586,Korzinka
2588,140056,Lebazar_old_app
2589,141586,Korzinka
2590,141586,Korzinka
2591,141586,Korzinka
2592,141586,Korzinka
2593,146464,?????????
2594,141586,Korzinka
2595,141586,Korzinka
2596,141586,Korzinka
2597,141586,Korzinka
2598,141586,Korzinka
2599,141586,Korzinka
2600,140056,Lebazar_old_app
2601,141586,Korzinka
2602,141814,Lebazar_media
2603,141586,Korzinka
2604,141586,Korzinka
2605,141586,Korzinka
2606,141601,???????
2607,141601,???????
2608,141586,Korzinka
2609,140056,Lebazar_old_app
2610,141586,Korzinka
2611,141586,Korzinka
2612,141586,Korzinka
2613,141586,Korzinka
2614,141814,Lebazar_media
2615,141586,Korzinka
2616,141586,Korzinka
2617,141586,Korzinka
2618,141601,???????
2619,141586,Korzinka
2620,141586,Korzinka
2621,141586,Korzinka
2622,141586,Korzinka
2623,141586,Korzinka
2624,141586,Korzinka
2625,141586,Korzinka
2626,141586,Korzinka
2627,141586,Korzinka
2628,141586,Korzinka
2629,140056,Lebazar_old_app
2630,141586,Korzinka
2631,141586,Korzinka
2632,141586,Korzinka
2633,141586,Korzinka
2634,141586,Korzinka
2635,141586,Korzinka
2636,141586,Korzinka
2637,141586,Korzinka
2638,141586,Korzinka
2639,140056,Lebazar_old_app
2640,141586,Korzinka
2641,141586,Korzinka
2642,141586,Korzinka
2643,141586,Korzinka
2644,146464,?????????
2645,141586,Korzinka
2646,141586,Korzinka
2647,141586,Korzinka
2648,141586,Korzinka
2649,141586,Korzinka
2650,141586,Korzinka
2651,140056,Lebazar_old_app
2652,141586,Korzinka
2653,141586,Korzinka
2654,146464,?????????
2655,141586,Korzinka
2656,141586,Korzinka
2657,141586,Korzinka
2658,141814,Lebazar_media
2659,141586,Korzinka
2660,141586,Korzinka
2661,141586,Korzinka
2662,141586,Korzinka
2663,141586,Korzinka
2664,141586,Korzinka
2665,141586,Korzinka
2666,141586,Korzinka
2667,141601,???????
2668,140056,Lebazar_old_app
2669,141586,Korzinka
2670,141586,Korzinka
2671,141586,Korzinka
2672,141586,Korzinka
2673,141586,Korzinka
2674,146464,?????????
2675,141586,Korzinka
2676,141814,Lebazar_media
2677,141586,Korzinka
2678,141586,Korzinka
2679,141586,Korzinka
2680,141586,Korzinka
2681,141586,Korzinka
2682,141586,Korzinka
2683,141586,Korzinka
2684,141586,Korzinka
2685,141586,Korzinka
2686,140056,Lebazar_old_app
2687,141586,Korzinka
2688,141814,Lebazar_media
2689,141586,Korzinka
2690,141586,Korzinka
2691,141586,Korzinka
2692,141586,Korzinka
2693,141601,???????
2694,141586,Korzinka
2695,141586,Korzinka
2696,141586,Korzinka
2697,141586,Korzinka
2698,141586,Korzinka
2699,141814,Lebazar_media
2700,141586,Korzinka
2701,141586,Korzinka
2702,141586,Korzinka
2703,141586,Korzinka
2704,141586,Korzinka
2705,141586,Korzinka
2706,141586,Korzinka
2707,141586,Korzinka
2708,141601,???????
2709,141586,Korzinka
2710,141814,Lebazar_media
2711,140056,Lebazar_old_app
2712,141586,Korzinka
2713,141586,Korzinka
2714,141586,Korzinka
2715,141586,Korzinka
2716,141586,Korzinka
2717,141586,Korzinka
2718,141586,Korzinka
2719,141586,Korzinka
2720,141586,Korzinka
2721,141586,Korzinka
2722,141586,Korzinka
2723,140056,Lebazar_old_app
2724,141586,Korzinka
2725,141586,Korzinka
2726,141586,Korzinka
2727,141814,Lebazar_media
2728,140056,Lebazar_old_app
2729,141586,Korzinka
2730,141586,Korzinka
2731,141586,Korzinka
2732,141586,Korzinka
2733,141586,Korzinka
2734,141586,Korzinka
2735,141586,Korzinka
2736,141586,Korzinka
2737,141586,Korzinka
2738,141814,Lebazar_media
2739,141586,Korzinka
2740,146464,?????????
2741,141586,Korzinka
2742,141586,Korzinka
2743,141586,Korzinka
2744,141586,Korzinka
2745,141586,Korzinka
2746,141586,Korzinka
2747,141586,Korzinka
2748,141586,Korzinka
2749,141586,Korzinka
2750,141586,Korzinka
2751,141586,Korzinka
2752,140056,Lebazar_old_app
2753,141586,Korzinka
2754,141586,Korzinka
2755,141586,Korzinka
2756,141586,Korzinka
2757,141586,Korzinka
2758,141586,Korzinka
2759,141586,Korzinka
2760,141586,Korzinka
2761,146464,?????????
2762,141586,Korzinka
2763,141586,Korzinka
2764,141586,Korzinka
2765,141586,Korzinka
2766,141586,Korzinka
2767,141586,Korzinka
2768,141586,Korzinka
2769,141586,Korzinka
2770,141601,???????
2771,141586,Korzinka
2772,141586,Korzinka
2773,141586,Korzinka
2774,141586,Korzinka
2775,141601,???????
2776,140056,Lebazar_old_app
2777,141586,Korzinka
2778,141586,Korzinka
2779,141586,Korzinka
2780,140056,Lebazar_old_app
2781,141586,Korzinka
2782,141586,Korzinka
2783,141586,Korzinka
2784,141586,Korzinka
2785,141586,Korzinka
2786,141586,Korzinka
2787,141586,Korzinka
2788,141601,???????
2789,141586,Korzinka
2790,141586,Korzinka
2791,141586,Korzinka
2792,141586,Korzinka
2793,141586,Korzinka
2794,141586,Korzinka
2795,141586,Korzinka
2796,141586,Korzinka
2797,141601,???????
2798,141586,Korzinka
2799,141586,Korzinka
2800,141586,Korzinka
2801,141586,Korzinka
2802,140056,Lebazar_old_app
2803,141586,Korzinka
2804,141586,Korzinka
2805,141586,Korzinka
2806,141586,Korzinka
2807,141586,Korzinka
2808,141586,Korzinka
2809,141586,Korzinka
2810,141601,???????
2811,140056,Lebazar_old_app
2812,141586,Korzinka